danny/danny122120/Daniel/Phillips/USER
havana15/havana011558/Michael/Rondel/USER
admiNad/Admin244554/Sam/Adisson/ADMIN
kloik/kloik555500/Tom/Wander/USER
rastty/rastty745212/Sussan/Rasty/USER
smiskij/smir1221/Michael/Kulik/USER
olgaa/olgaa1523/Olga/Kulik/USER
